{"cameraMode":{"drawMode":0,"name":"Shaded","section":"Shading Mode"},"sceneLighting":false,"audioPlay":false,"sceneViewState":{"showFog":true,"showMaterialUpdate":false,"showSkybox":true,"showFlares":true,"showImageEffects":true,"showParticleSystems":true},"in2DMode":false,"pivot":{"x":17.690000534057618,"y":7.289999961853027,"z":0.6999998092651367},"rotation":{"x":0.20290160179138184,"y":-0.27423933148384097,"z":0.05931271240115166,"w":0.938139796257019},"size":22.0,"orthographic":false}