{"cameraMode":{"drawMode":0,"name":"Shaded","section":"Shading Mode"},"sceneLighting":false,"audioPlay":false,"sceneViewState":{"showFog":true,"showMaterialUpdate":false,"showSkybox":true,"showFlares":true,"showImageEffects":true,"showParticleSystems":true},"in2DMode":false,"pivot":{"x":6.389999866485596,"y":0.9229999780654907,"z":19.75},"rotation":{"x":0.5710251927375794,"y":0.04918169602751732,"z":-0.03430737182497978,"w":0.8187554478645325},"size":2.2578935623168947,"orthographic":false}