{"cameraMode":{"drawMode":0,"name":"Shaded","section":"Shading Mode"},"sceneLighting":false,"audioPlay":false,"sceneViewState":{"showFog":true,"showMaterialUpdate":false,"showSkybox":true,"showFlares":true,"showImageEffects":true,"showParticleSystems":true},"in2DMode":false,"pivot":{"x":-12.859999656677246,"y":2.059999942779541,"z":21.975000381469728},"rotation":{"x":0.0872207060456276,"y":0.8507729768753052,"z":-0.149546816945076,"w":0.4961993992328644},"size":4.685099124908447,"orthographic":false}