{"cameraMode":{"drawMode":0,"name":"Shaded","section":"Shading Mode"},"sceneLighting":false,"audioPlay":false,"sceneViewState":{"showFog":true,"showMaterialUpdate":false,"showSkybox":true,"showFlares":true,"showImageEffects":true,"showParticleSystems":true},"in2DMode":false,"pivot":{"x":-1.9249935150146485,"y":0.5899999737739563,"z":-2.601933479309082},"rotation":{"x":0.0725192129611969,"y":0.8147536516189575,"z":-0.10444770008325577,"w":0.5656933784484863},"size":0.7050682902336121,"orthographic":false}