{"cameraMode":{"drawMode":0,"name":"Shaded","section":"Shading Mode"},"sceneLighting":true,"audioPlay":false,"sceneViewState":{"showFog":true,"showMaterialUpdate":false,"showSkybox":true,"showFlares":true,"showImageEffects":true,"showParticleSystems":true},"in2DMode":false,"pivot":{"x":-1.1272648572921754,"y":8.4794340133667,"z":0.01499587669968605},"rotation":{"x":0.1546640545129776,"y":-0.7212847471237183,"z":0.1707872897386551,"w":0.6531925797462463},"size":60.68589782714844,"orthographic":false}