{"cameraMode":{"drawMode":0,"name":"Shaded","section":"Shading Mode"},"sceneLighting":true,"audioPlay":false,"sceneViewState":{"showFog":true,"showMaterialUpdate":false,"showSkybox":true,"showFlares":true,"showImageEffects":true,"showParticleSystems":true},"in2DMode":false,"pivot":{"x":-140.85902404785157,"y":0.7726641893386841,"z":64.12199401855469},"rotation":{"x":0.2104482799768448,"y":-0.7866753935813904,"z":0.37073490023612978,"w":0.4465596675872803},"size":1.712021827697754,"orthographic":false}