{"cameraMode":{"drawMode":0,"name":"Shaded","section":"Shading Mode"},"sceneLighting":true,"audioPlay":false,"sceneViewState":{"showFog":true,"showMaterialUpdate":false,"showSkybox":true,"showFlares":true,"showImageEffects":true,"showParticleSystems":true},"in2DMode":false,"pivot":{"x":-13.39657211303711,"y":0.9509559869766235,"z":22.44537353515625},"rotation":{"x":0.0725192129611969,"y":0.8147536516189575,"z":-0.10444770008325577,"w":0.5656933784484863},"size":2.745234251022339,"orthographic":false}