{"cameraMode":{"drawMode":0,"name":"Shaded","section":"Shading Mode"},"sceneLighting":true,"audioPlay":false,"sceneViewState":{"showFog":true,"showMaterialUpdate":false,"showSkybox":true,"showFlares":true,"showImageEffects":true,"showParticleSystems":true},"in2DMode":false,"pivot":{"x":0.0001511797308921814,"y":1.5546622276306153,"z":13.939777374267579},"rotation":{"x":0.03817175701260567,"y":-0.9559707641601563,"z":0.14448095858097077,"w":0.25256606936454775},"size":1.3008630275726319,"orthographic":false}