{"cameraMode":{"drawMode":0,"name":"Shaded","section":"Shading Mode"},"sceneLighting":false,"audioPlay":false,"sceneViewState":{"showFog":true,"showMaterialUpdate":false,"showSkybox":true,"showFlares":true,"showImageEffects":true,"showParticleSystems":true},"in2DMode":false,"pivot":{"x":-3.1201975345611574,"y":-0.9993005990982056,"z":3.921481132507324},"rotation":{"x":0.1811564713716507,"y":-0.4623134136199951,"z":0.09707675129175186,"w":0.862585186958313},"size":9.431425094604493,"orthographic":false}